{
    "blink": {
        "sounds": [
            "suit/blink"
        ],
        "category": "player"
    },
    "time": {
        "sounds": [
            "suit/time"
        ],
        "category": "player"
    },
    "bezos": {
        "sounds": [
            "suit/bezos"
        ],
        "category": "player"
    },
    "red_death": {
        "sounds": [
            "suit/red_death"
        ],
        "category": "player"
    },
    "war_cry": {
        "sounds": [
            "suit/war_cry"
        ],
        "category": "player"
    }
}
