{
    "blink": {
        "sounds": [
            "suit/blink"
        ],
        "category": "player"
    },
    "hat": {
        "sounds": [
            "suit/hat"
        ],
        "category": "player"
    },
    "time": {
        "sounds": [
            "suit/time"
        ],
        "category": "player"
    },
    "motherbox": {
        "sounds": [
            "suit/motherbox"
        ],
        "category": "player"
    },
    "cyborg": {
        "sounds": [
            "suit/cyborg"
        ],
        "category": "player"
    },
    "windblast": {
        "sounds": [
            "suit/windblast"
        ],
        "category": "player"
    },
    "bezos": {
        "sounds": [
            "suit/bezos"
        ],
        "category": "player"
    },
    "wind": {
        "sounds": [
            "suit/wind"
        ],
        "category": "player"
    },
    "red_death": {
        "sounds": [
            "suit/red_death"
        ],
        "category": "player"
    },
    "flash": {
        "sounds": [
            "suit/flash"
        ],
        "category": "player"
    },
    "hulk_roar": {
        "sounds": [
            "suit/hulk_roar"
        ],
        "category": "player"
    },
    "hulk_smash": {
        "sounds": [
            "suit/hulk_smash"
        ],
        "category": "player"
    },
    "thunderclap": {
        "sounds": [
            "suit/thunderclap"
        ],
        "category": "player"
    },
    "darkseid": {
        "sounds": [
            "suit/darkseid"
        ],
        "category": "player"
    },
    "war_cry": {
        "sounds": [
            "suit/war_cry"
        ],
        "category": "player"
    }
}
