{
    "blink": {
        "sounds": [
            "suit/blink"
        ],
        "category": "player"
    },
    "doom": {
        "sounds": [
            "suit/doom"
        ],
        "category": "player"
    },
    "time": {
        "sounds": [
            "suit/time"
        ],
        "category": "player"
    },
    "motherbox": {
        "sounds": [
            "suit/motherbox"
        ],
        "category": "player"
    },
    "cyborg": {
        "sounds": [
            "suit/cyborg"
        ],
        "category": "player"
    },
    "windblast": {
        "sounds": [
            "suit/windblast"
        ],
        "category": "player"
    },
    "wind": {
        "sounds": [
            "suit/wind"
        ],
        "category": "player"
    },
    "hulk_roar": {
        "sounds": [
            "suit/hulk_roar"
        ],
        "category": "player"
    },
    "hulk_smash": {
        "sounds": [
            "suit/hulk_smash"
        ],
        "category": "player"
    },
    "thunderclap": {
        "sounds": [
            "suit/thunderclap"
        ],
        "category": "player"
    },
    "darkseid": {
        "sounds": [
            "suit/darkseid"
        ],
        "category": "player"
    },
    "cyberwalk": {
        "sounds": [
            "suit/cyberwalk"
        ],
        "category": "player"
    },
    "cyberman_delete": {
        "sounds": [
            "suit/cyberman_delete"
        ],
        "category": "player"
    },
    "demon_footsteps": {
        "sounds": [
            "suit/demon_footsteps"
        ],
        "category": "player"
    },
    "bwl_haha": {
        "sounds": [
            "suit/bwl_haha", "suit/bwl_haha2"
        ],
        "category": "player"
    },
    "bwl_voiceline": {
        "sounds": [
            "suit/bwl_voiceline"
        ],
        "category": "player"
    },
    "war_cry": {
        "sounds": [
            "suit/war_cry"
        ],
        "category": "player"
    },
    "heat_vision": {
        "sounds": [
            "suit/heat_vision_loop"
        ],
        "category": "player"
    }
}
