{
    "blink": {
        "sounds": [
            "suit/blink"
        ],
        "category": "player"
    },
    "time": {
        "sounds": [
            "suit/time"
        ],
        "category": "player"
    },
    "bezos": {
        "sounds": [
            "suit/bezos"
        ],
        "category": "player"
    },
    "red_death": {
        "sounds": [
            "suit/red_death"
        ],
        "category": "player"
    },
    "flash": {
        "sounds": [
            "suit/flash"
        ],
        "category": "player"
    },
    "hulk_roar": {
        "sounds": [
            "suit/hulk_roar"
        ],
        "category": "player"
    },
    "hulk_smash": {
        "sounds": [
            "suit/hulk_smash"
        ],
        "category": "player"
    },
    "war_cry": {
        "sounds": [
            "suit/war_cry"
        ],
        "category": "player"
    }
}
