{
  "blink": {"sounds": ["suit/blink"], "category": "player"},
  "doom": {"sounds": ["suit/doom"], "category": "player"},
  "time": {"sounds": ["suit/time"], "category": "player"},
  "motherbox": {"sounds": ["suit/motherbox"], "category": "player"},
  "cyborg": {"sounds": ["suit/cyborg"], "category": "player"},
  "windblast": {"sounds": ["suit/windblast"], "category": "player"},
  "wind": {"sounds": ["suit/wind"], "category": "player"},
  "punch": {"sounds": ["suit/punch"], "category": "player"},
  "hulk_roar": {"sounds": ["suit/hulk_roar"], "category": "player"},
  "hulk_smash": {"sounds": ["suit/hulk_smash"], "category": "player"},
  "thunderclap": {"sounds": ["suit/thunderclap"], "category": "player"},
  "darkseid": {"sounds": ["suit/darkseid"], "category": "player"},
  "cyberwalk": {"sounds": ["suit/cyberwalk"], "category": "player"},
  "cyberman_delete": {"sounds": ["suit/cyberman_delete"], "category": "player"},
  "demon_footsteps": {"sounds": ["suit/demon_footsteps"], "category": "player"},
  "bwl_haha": {"sounds": ["suit/bwl_haha", "suit/bwl_haha2"], "category": "player"},
  "bwl_voiceline": {"sounds": ["suit/bwl_voiceline"], "category": "player"},
  "war_cry": {"sounds": ["suit/war_cry"], "category": "player"},
  "battle_cry": {"sounds": ["suit/battle_cry"], "category": "player"},
  "bat_loop": {"sounds": ["suit/bat_loop"], "category": "player"},
  "bat_takeoff": {"sounds": ["suit/bat_takeoff"], "category": "player"},
  "wolf_bark": {"sounds": ["suit/wolf_bark"], "category": "player"},
  "wolf_step": {"sounds": ["suit/wolf_step"], "category": "player"},
  "fog": {"sounds": ["suit/fog"], "category": "player"},
  "hiss": {"sounds": ["suit/hiss"], "category": "player"},
  "immortality": {"sounds": ["suit/immortality"], "category": "player"},
  "glitch_loop": {"sounds": ["suit/glitch_loop"], "category": "player"},
  "legacy_boost": {"sounds": ["suit/legacy_boost"], "category": "player"},
  "legacy_boost_song": {"sounds": ["suit/legacy_boost_song"], "category": "player"},
  "doom_slayer_song": {"sounds": ["suit/doom_slayer_song"], "category": "player"},
  "destroy": {"sounds": ["suit/destroy"], "category": "player"}
}